iDriixx,5x God Crate Key  Prison,8/3/22
wiiboxingg,Iron  Minigames,8/3/22
CsengeBB,Creator -> Architect  Creative,8/3/22
Strbacki,Crystal 30 Days  Minigames,8/3/22
ItsBUCi,Money Booster (x2 extra money)  Prison,8/3/22
TavaMammaTeica,Premium   Immortal,8/3/22
bde6,"2,500 Gold | Stack of Gold",8/4/22
ActCool,"2,500 Gold | Stack of Gold",8/4/22
MemeGod42069,1x Reaper Crate Key  KitPvP,8/4/22
MemeGod42069,3x Reaper Crate Key  KitPvP,8/4/22
Ty_Killeur,3x Reaper Crate Key  KitPvP,8/4/22
AmirSan123,GKit Treasure  Dream,2022-08-04
rodagave115,Epic Loot Box Bundle  Minigames,2022-08-04
rodagave115,Epic Loot Box Bundle  Minigames,2022-08-04
Canada__Goose,500 Gold | Handful of Gold,2022-08-04
Haakonar,"1,200 Gold | Pile of Gold",2022-08-04
mlstyy,1x Reaper Crate Key  KitPvP,2022-08-04
baszogep12,500 Gold | Handful of Gold,2022-08-04
Minigrowshall,"1,200 Gold | Pile of Gold",2022-08-04
Sethisurk05,Hero  KitPvP,2022-08-04
TikoZ_,1x Reaper Crate Key  KitPvP,2022-08-04
BiscuitStormy,GKit Boosters  KitPvP,2022-08-04
BiscuitStormy,Immortal  KitPvP,2022-08-04
Sethisurk05,Hero -> Immortal  KitPvP,2022-08-04
Snuubz,"2,500 Gold | Stack of Gold",2022-08-05
bde6,"6,500 Gold | Large Stack of Gold",2022-08-05
Deathscare101,80 Gold | Bit of Gold,2022-08-05
BiscuitStormy,1x Reaper Crate Key  KitPvP,2022-08-05
CiRum,1x Reaper Crate Key  KitPvP,2022-08-05
CiRum,10x Reaper Crate Key (+2 BONUS)  KitPvP,2022-08-05
Deathscare101,"1,200 Gold | Pile of Gold",2022-08-05
MemeGod42069,1x Reaper Crate Key  KitPvP,2022-08-05
Ultimate123,"1,200 Gold | Pile of Gold",2022-08-05
iDivine,500 Gold | Handful of Gold,2022-08-05
SkyPrestige,500 Gold | Handful of Gold,2022-08-05
Moski123,80 Gold | Bit of Gold,2022-08-05
LAKIiiiii,"1,200 Gold | Pile of Gold",2022-08-05
DaahV,Gladiator -> Hero  KitPvP,2022-08-05
DaahV,Hero -> Immortal  KitPvP,2022-08-05
MemeGod42069,3x Reaper Crate Key  KitPvP,2022-08-05
nobtc,GKit Potions  KitPvP,2022-08-05
BiscuitStormy,"2,500 Gold | Stack of Gold",2022-08-05
BiscuitStormy,"1,200 Gold | Pile of Gold",2022-08-05
Boomette97,"4,250 Gold | Stack of Gold",2022-08-06
LOGO_MOJO_MAN,"2,500 Gold | Stack of Gold",2022-08-06
flanxy,Crystal 30 Days  Minigames,2022-08-06
Guremori,"2,500 Gold | Stack of Gold",2022-08-06
Technostein,SkyDonor -> SkyVIP  Dream,2022-08-06
Technostein,GKit Crate Keys  Dream,2022-08-06
SkyPrestige,500 Gold | Handful of Gold,2022-08-06
DrowsyAmoeba173,SkyChamp -> SkyLord  Dream,2022-08-06
_timon_1991,King  Survival,2022-08-06
grube1,"2,500 Gold | Stack of Gold",2022-08-06
Infqrm,Hero  Practice,2022-08-06
CR7811149,Iron -> Gold  Minigames,2022-08-06
Firesoccer,Custom Gift Card,2022-08-06
StopBe,"2,500 Gold | Stack of Gold",2022-08-06
DemarcusCousins,"2,500 Gold | Stack of Gold",2022-08-06
Homiiz,"1,200 Gold | Pile of Gold",2022-08-06
SavaqeAlpha,500 Gold | Handful of Gold,2022-08-06
Stxrs,Gold  Minigames,2022-08-06
RH_Martins,Iron  Minigames,2022-08-06
bene_e,x2 Global Booster  Minigames,2022-08-06
Myruto,"6,500 Gold | Large Stack of Gold",2022-08-06
danknor_,3x God Crate Key  Dream,2022-08-06
danknor_,1x Viking Crate Key   Dream,2022-08-06
Boomette97,"1,200 Gold | Pile of Gold",2022-08-07
BaconSmeller,"6,500 Gold | Large Stack of Gold",2022-08-07
bde6,"14,000 Gold | Chest of Gold",2022-08-07
lahartgerink,Hero  KitPvP,2022-08-07
ExhaustRFM,"2,500 Gold | Stack of Gold",2022-08-07
StopBe,"2,500 Gold | Stack of Gold",2022-08-07
Syntaxe,"2,500 Gold | Stack of Gold",2022-08-07
pincerprithu,"6,500 Gold | Large Stack of Gold",2022-08-07
remixcallannew,Thug  Prison,2022-08-07
sammyxt,Mythic -> Zeus  Practice,2022-08-07
HeartToKill,Iron  Minigames,2022-08-07
Recherch,"1,200 Gold | Pile of Gold",2022-08-07
Poon352,"4,250 Gold | Stack of Gold",2022-08-07
StopBe,"1,200 Gold | Pile of Gold",2022-08-07
Myruto,"9,500 Gold | Large Stack of Gold",2022-08-07
Myruto,"2,500 Gold | Stack of Gold",2022-08-07
WateryOtter,SkyLord -> SkyGod  Dream,2022-08-07
Myruto,"6,500 Gold | Large Stack of Gold",2022-08-07
SkyPrestige,"1,200 Gold | Pile of Gold",2022-08-07
OnMyWay_G,Champion   Immortal,2022-08-07
quackergod,x2 Global Booster  Minigames,2022-08-07
ItzWeissy,1x Reaper Crate Key  KitPvP,2022-08-07
OnMyWay_G,Champion -> Spartan  Immortal,2022-08-07
OnMyWay_G,Lunatic  Prison,2022-08-07
Sethisurk05,GKit Crate Keys  KitPvP,2022-08-07
Sethisurk05,"2,500 Gold | Stack of Gold",2022-08-07
Sethisurk05,"4,250 Gold | Stack of Gold",2022-08-07
Sethisurk05,500 Gold | Handful of Gold,2022-08-07
